{"inside": [0.0, 0.0, 5.0], "meshes": [{"vertices": [[-5.0, -5.0, 0.0], [-5.0, -5.0, 10.0], [-5.0, 24.015789031982422, 0.0], [-5.0, 24.015789031982422, 10.0], [5.0, -5.0, 0.0], [5.0, -5.0, 10.0], [5.0, 24.015789031982422, 0.0], [5.0, 24.015789031982422, 10.0], [1.4975955486297607, 24.015789031982422, 0.0], [1.4975955486297607, 24.015789031982422, 10.0], [0.0, -5.0, 0.0], [0.0, -5.0, 10.0], [-5.0, 34.082889556884766, 10.0], [-5.0, 34.082889556884766, 0.0], [-1.5065292119979858, 34.082889556884766, 0.0], [-1.5065292119979858, 34.082889556884766, 10.0], [5.0, 34.082889556884766, 10.0], [5.0, 34.082889556884766, 0.0], [18.664268493652344, 24.015789031982422, 10.0], [18.664268493652344, 24.015789031982422, 0.0], [18.664268493652344, 34.082889556884766, 0.0], [18.664268493652344, 34.082889556884766, 10.0], [-17.09662628173828, 24.015789031982422, 10.0], [-17.09662628173828, 24.015789031982422, 0.0], [-17.09662628173828, 34.082889556884766, 10.0], [-17.09662628173828, 34.082889556884766, 0.0], [-5.0, 47.76082992553711, 10.0], [-5.0, 47.76082992553711, 0.0], [5.0, 47.76082992553711, 10.0], [5.0, 47.76082992553711, 0.0], [18.664268493652344, 47.76082992553711, 10.0], [18.664268493652344, 47.76082992553711, 0.0], [-17.09662628173828, 47.76082992553711, 10.0], [-17.09662628173828, 47.76082992553711, 0.0], [-5.0, 62.962806701660156, 10.0], [-5.0, 62.962806701660156, 0.0], [5.0, 62.962806701660156, 10.0], [5.0, 62.962806701660156, 0.0], [18.664268493652344, 62.962806701660156, 10.0], [18.664268493652344, 62.962806701660156, 0.0], [-17.09662628173828, 62.962806701660156, 10.0], [-17.09662628173828, 62.962806701660156, 0.0], [-5.0, 21.90824317932129, 0.0], [-5.0, 21.90824317932129, 10.0], [5.0, 21.90824317932129, 0.0], [5.0, 21.90824317932129, 10.0], [1.3888185024261475, 21.90824317932129, 10.0], [1.3888185024261475, 21.90824317932129, 0.0], [-5.0, 24.015789031982422, 1.1710542440414429], [5.0, 24.015789031982422, 1.1710542440414429], [1.4975955486297607, 24.015789031982422, 1.1710542440414429], [-5.0, 21.90824317932129, 1.1710542440414429], [5.0, 21.90824317932129, 1.1710542440414429], [1.3888185024261475, 21.90824317932129, 1.1710542440414429]], "faces": [[42, 2, 3, 43], [25, 13, 27, 33], [44, 4, 5, 45], [10, 0, 1, 11], [47, 10, 4, 44], [46, 11, 1, 43], [45, 5, 11, 46], [42, 0, 10, 47], [4, 10, 11, 5], [8, 6, 17, 14], [14, 17, 16, 15], [13, 14, 15, 12], [2, 8, 14, 13], [9, 3, 12, 15], [7, 9, 15, 16], [12, 3, 22, 24], [19, 18, 21, 20], [17, 6, 19, 20], [6, 7, 18, 19], [7, 16, 21, 18], [22, 23, 25, 24], [21, 16, 28, 30], [2, 13, 25, 23], [3, 2, 23, 22], [31, 30, 38, 39], [13, 12, 26, 27], [17, 20, 31, 29], [12, 24, 32, 26], [16, 17, 29, 28], [20, 21, 30, 31], [24, 25, 33, 32], [36, 37, 39, 38], [35, 34, 40, 41], [33, 27, 35, 41], [32, 33, 41, 40], [29, 31, 39, 37], [26, 32, 40, 34], [30, 28, 36, 38], [35, 37, 36, 34], [35, 27, 29, 37], [28, 29, 27, 26], [28, 26, 34, 36], [2, 42, 47, 8], [7, 45, 46, 9], [9, 46, 43, 3], [8, 47, 44, 6], [6, 44, 45, 7], [0, 42, 43, 1], [47, 53, 51, 42], [44, 52, 53, 47], [8, 50, 49, 6], [2, 48, 50, 8], [50, 48, 51, 53, 52, 49]]}]}