{"inside": [0.0, 0.0, 7.448877334594727], "meshes": [{"vertices": [[-5.0, -5.0, 0.0], [-5.0, -5.0, 10.0], [-5.0, 5.0, 0.0], [-5.0, 5.0, 10.0], [5.0, -5.0, 0.0], [5.0, -5.0, 10.0], [5.0, 5.0, 0.0], [5.0, 5.0, 10.0]], "faces": [[0, 2, 3, 1], [2, 6, 7, 3], [6, 4, 5, 7], [4, 0, 1, 5], [2, 0, 4, 6], [7, 5, 1, 3]]}, {"vertices": [[-0.5511350035667419, -0.4843156337738037, 3.8458902835845947], [-0.3849576413631439, -0.26839718222618103, 4.693048000335693], [-0.48692163825035095, 0.37266677618026733, 3.6148717403411865], [-0.32074427604675293, 0.5885851979255676, 4.462029457092285], [0.32074427604675293, -0.5885851979255676, 3.701439142227173], [0.48692163825035095, -0.37266677618026733, 4.5485968589782715], [0.3849576413631439, 0.26839718222618103, 3.4704205989837646], [0.5511350035667419, 0.4843156337738037, 4.317578315734863]], "faces": [[0, 1, 3, 2], [2, 3, 7, 6], [6, 7, 5, 4], [4, 5, 1, 0], [2, 6, 4, 0], [7, 3, 1, 5]]}, {"vertices": [[0.295094758272171, 3.3300914764404297, 7.662266731262207], [1.4199577569961548, 4.498509407043457, 8.832515716552734], [0.40196070075035095, 4.691092491149902, 6.2006731033325195], [1.5268237590789795, 5.859510898590088, 7.370922088623047], [1.9453258514404297, 2.4455153942108154, 6.959228515625], [3.0701889991760254, 3.613933563232422, 8.129477500915527], [2.052191734313965, 3.806516408920288, 5.497635364532471], [3.1770548820495605, 4.9749345779418945, 6.66788387298584]], "faces": [[0, 1, 3, 2], [2, 3, 7, 6], [6, 7, 5, 4], [4, 5, 1, 0], [2, 6, 4, 0], [7, 3, 1, 5]]}, {"vertices": [[7.385875701904297, -0.2752772271633148, 2.176362991333008], [6.717236518859863, -3.5463626384735107, 1.3570257425308228], [4.441218852996826, -0.11593881994485855, 3.943282127380371], [3.772580146789551, -3.387024402618408, 3.1239447593688965], [9.029138565063477, -1.3207451105117798, 5.009219646453857], [8.360499382019043, -4.591830730438232, 4.189882278442383], [6.084482192993164, -1.1614066362380981, 6.776138782501221], [5.4158430099487305, -4.432492256164551, 5.956801414489746]], "faces": [[0, 1, 3, 2], [2, 3, 7, 6], [6, 7, 5, 4], [4, 5, 1, 0], [2, 6, 4, 0], [7, 3, 1, 5]]}]}